id,grade_score,grade_label,grade_reason,grade_computed_at
3666599a-7144-46cd-b28e-636a9d9790d2,,,,
e37b57b2-bb19-4f9e-be34-c39078a97d03,,,,
bc959d2e-81be-4abb-9525-55c8ac3c793e,,,,
c143ce1f-d0ac-43ce-a6a1-7f174fc18b5a,,,,
04384afa-e4e1-4dd5-9027-7798e3d6d722,,,,
c36105cc-299a-44ce-a7f4-0db50df498e4,,,,
45b0656b-b9d7-45b4-a37c-52265952920a,,,,
97980cfd-fd8a-4267-994d-c624aed36bf0,,,,
a4438e5c-2b37-4ea7-a922-d3b08217f6d8,,,,
08e2341c-2a1e-4b0a-9eb6-7651460572df,,,,
a818b396-c5da-4e0d-a2bc-db1aa59ff835,,,,
05274f46-c1ae-4c11-9971-a4547429dd1f,,,,
8a553c07-f3ca-4647-8516-d8a8ae4148d7,,,,
fe2e2a28-d764-42ff-9776-1c562333e8bc,,,,
91505469-2e2d-4d7f-9a0e-c57b2540f426,,,,
e9093679-0155-476f-bbf0-e4c2b585d94c,,,,
1dc0e588-f730-4466-933e-774b925a0e5e,,,,
ab781540-68aa-49b5-b53e-197a7c9b6d58,,,,
89a8c878-804e-43ba-abca-48990d76dd2f,,,,
5d3e333b-4b89-42ef-9bf8-ec992a6ead5a,,,,
55511f7b-9414-4d4c-92b7-321c159abda3,,,,
71a373d8-ef1f-4c3c-8da4-f579021a0f09,,,,
98fd06ec-af7b-4c4f-b1ad-562160b894c2,,,,
c895ac69-7984-45d8-80f4-0c3411b12612,,,,
538caa77-e449-4876-9ef2-5793cd02f961,,,,
4acdea07-4ba5-4aaf-8a34-965efdbd1620,,,,
9c43ea2e-a76d-4a8c-8da2-16cec5c64dba,,,,
e3c52458-52a2-4004-b2d7-2ea1e3e726b6,,,,
dfdea929-4947-48fe-9862-8c745d133a62,,,,
fb4405ea-0fd2-4ce8-b443-f2d390a16c9a,,,,
42978795-d6ec-485d-a4bb-c1b78af4699f,,,,
571692dc-8758-4c5f-aeff-5b07aea1bd3d,,,,
90d8e46f-215f-477c-851a-be47e9dd5c96,,,,
aa4eb40e-c2a5-4559-8fdf-59855ea82b8b,,,,
00b336bc-e91a-4329-ac27-871b6f1ec094,,,,
c23d934f-d84b-4c87-bc5f-c59920c41782,,,,
543ba21c-5c6c-4fb5-88c0-4591e59fdd3d,,,,
54985c93-f082-4799-b9ab-f47c23961114,,,,
12802dc1-fecd-434a-9370-c05a018cfd92,,,,
d066ce78-e66e-47ba-9fd6-056189061a31,,,,
bf275313-0799-4379-a07d-1c9f52ce2b4c,,,,
b6acbbc4-387d-43b0-8f0e-c85230306181,,,,
bb1e6210-b588-496f-922b-5258ce281a98,,,,
6519aa99-595f-4cb5-a94a-823f9c003fc6,,,,
014f26c7-c74d-45c4-ab38-18ede266586d,,,,
aea1959a-725e-402a-bcd3-5cc4ac2f6985,,,,
edda14bd-17d4-4b49-8da8-7fc2cae89353,,,,
822aed12-6074-4a29-9c10-9ca3f13e23cb,,,,
6d5c4646-02a0-4a72-a72e-a5350488b979,,,,
d294a415-645e-4340-a82b-c662ca57cfbb,,,,
8162f6fc-3510-461d-b6f7-4a58d04567ca,,,,
8900699e-af8c-436f-9beb-b87436166bcf,,,,
3232df90-5c70-4322-a08c-eadc38c80aea,,,,
7cee4913-4ae7-4bdc-8d2d-9d63c11b5aa3,,,,
4a91d0ca-4557-4f29-824c-5d30422c5cc0,,,,
d2dfc238-c2d5-4c88-80f5-c4856fd42f47,,,,
41ec11e3-3b0b-4a87-8400-d345ed620d4d,,,,
f919553e-170e-4527-8c7a-4025770dacfd,,,,
99ecbb05-5ef4-494e-8fe0-6fe564060fd7,,,,
c8128d2d-0f21-4baa-a09c-d46664a81cc6,,,,
e8267284-e578-498a-aaff-26885f792251,,,,
30a7d25d-f857-4dfc-97a6-1e1c70485b4f,,,,
3ee21d8b-f095-4567-a39e-2ec7068a6483,,,,
33ced824-3df1-4267-81dd-e7b5c5ffcb8a,,,,
ff7534a5-65f2-43f3-9596-32e8ca9d72da,,,,
24681279-0d71-437f-9a2f-e02039f1b0b6,,,,
6ac6a174-76f0-40e2-849b-96b5bf9ce0cb,,,,
d02134f1-8a14-4d19-a763-65610072f232,,,,
0a6c557d-4c96-4985-9914-6751662809fb,,,,
88405c4b-ac85-4afd-b5f7-12f5982a7fc1,,,,
e342188e-4267-465a-bab7-df6432d8cd0b,,,,
d66b4776-348e-428d-b91c-dd60e3f8e2a8,,,,
2ae6ffcd-ae46-4bcc-9259-24439dc7ad74,,,,
a9ebbddb-0f6b-4087-95c5-c233eb048a81,,,,
f4526268-9fb0-423a-856a-498dc613d149,,,,
4d7e635d-8971-4270-8d8c-ca3b46d7f8b7,,,,
cafb3c7a-2230-4960-9c8a-0e6a3a6a27f3,,,,
87d279fc-c75d-45e0-bc9e-3cc180b48019,,,,
38e1a26b-9d13-4389-acfc-9de4f61ef056,,,,
11f64b8c-0c0b-413d-916d-7b6c7036b9ea,,,,
6dd49324-bcd1-492e-a44b-f073f64ea03a,,,,
d4ad39c8-561c-43dc-bb13-d22b744a6f24,,,,
050bf1e8-62d2-4bc1-a865-f2dc1146eed9,,,,
2c239d9a-49fd-4ac1-9478-0cd650eb7f69,,,,
c4452c2b-c8d8-4b69-96bb-ce008f4121e3,,,,
10e315a0-2ad5-4843-9655-7d1e6f3606d1,,,,
d930de33-92c3-4fee-bb2d-8725231165ca,,,,
0b3aedf7-e5d3-4c96-86a8-bf66d9285719,,,,
03d16b0b-0fbe-43ad-a912-799f9e04e828,,,,
da1f1ee3-20ec-437d-80aa-435e2c270ffd,,,,
dbd44f05-e9f3-4bec-b308-f4113d039927,,,,
983e7914-54c5-497b-a4a8-9879e979281b,,,,
3f901da3-8abc-4272-8e37-413cbb6c77be,,,,
43aaa030-011f-4a77-921a-3321a567378b,,,,
d431f7d5-41d8-4629-a297-4325f8929ceb,,,,
36ef2a56-15d5-4364-aab2-1b83a86f9e84,,,,
4944ae01-2cf0-4a1e-92fe-efca150136e2,,,,
a67f8554-e012-4372-b1bb-5ef0fe9d03f8,,,,
b7ae3572-2407-4fc3-99e3-08f52d3a1fab,,,,
4ed38f49-78da-4c09-9e83-71a99989dc48,,,,
9074fe18-10ac-4488-a20f-447af0a19004,,,,
69c33d1c-a0b1-4f04-996a-6f799fa5aac9,,,,
57e3937d-0c8a-4d62-801b-82bb7902f3ec,,,,
c7406787-5b21-468c-87c9-496d058f24a2,,,,
9642873a-572d-41f9-90a5-7240f7a8c132,,,,
17146d91-63d2-47b2-9376-23328de62722,,,,
5f485b88-4151-46ac-a3cd-1040ea3a80c2,,,,
cfcc0966-341a-40f4-916d-d1a624508e3b,,,,
24767f69-976c-40e4-9025-0a77013e9df4,,,,
99f16add-1ac5-45f8-a887-4dc2b6b3d1e0,,,,
5e73c0c7-623d-4558-a4f4-4b2f3587dbd8,,,,
bd71563b-fd80-49c6-a169-148e3bc275a2,,,,
222f71b6-4944-4944-bb11-42451494ee4e,,,,
7097ebd6-266e-44bc-bb94-414a05f3b21b,,,,
695993c9-2d71-4ad6-a22e-694705cb1aa1,,,,
1b6b877f-c1b6-4d01-9cd6-f6fec92b8edb,,,,
902438db-8b80-45fa-84fc-bc108c512a69,,,,
8d131dff-cbdb-407c-89dc-828111eda915,,,,
2adb82cd-b7e1-48b4-a4cf-f26496eac2b9,,,,
85e1660b-509e-49d2-a2b3-70845fa948f0,,,,
64028597-940b-4fa5-9da7-ca84f0e4c3fb,,,,
da303e29-5911-4ac8-812b-d78128174a90,,,,
ab784458-72bf-4c9d-9708-42145529c130,,,,
8b4ed238-bf6b-4423-9223-941ada709c26,,,,
a8695032-5421-40df-abe2-219876fe2c8b,,,,
c78b5c19-0914-46df-b8d8-a5f8132cd1f0,,,,
e3ba22a6-352c-41ff-8774-349b3c086d5a,,,,
ffaa2fac-9711-4102-a9f0-a407c32aaaf7,,,,
793e699b-f8ea-4d7d-b558-c795c06ce95d,,,,
a42538c8-4427-453f-ab2c-c738fde9c7cc,,,,
b3f8d634-3e11-40f4-b543-e023d17aba91,,,,
e2f2e289-cdb1-4bf2-a73b-7dd414f0001b,,,,
48557548-190e-4640-ad14-5c8bb191fcfb,,,,
4b54674b-122d-4a44-a859-7f29a5230d40,,,,
28589cdd-a4f3-488f-90a1-7f42f5ef4161,,,,
75ce9eb6-95a6-4bdb-911c-8db56a5ca98d,,,,
9260354c-37b1-48a3-90d4-8979b2b39d15,,,,
6124061d-3aa1-4efd-a50b-5a186f62393c,,,,
2180d59e-de4f-4dc7-9155-3ada5b2ecd9f,,,,
80909517-5574-41c9-abf3-38c8a29e8743,,,,
03b8506c-5d2d-4e8a-b1d9-2619f649f600,,,,
5a237567-aab2-4826-9566-cf67ade66ef3,,,,
8c7211b0-e97b-497c-8c7b-088219320896,,,,
e510ffb8-a0f9-4f3b-98cd-93701639113b,,,,
32aee898-2e37-45f6-af43-4b0d9514fb8a,,,,
9309e971-0eb9-4c0d-a24b-a92df32e1449,,,,
cd828201-71ed-4545-8b79-1e567f0995d9,,,,
6e60d159-3af8-43f5-9d7c-e0006d86a53c,,,,
6cdc4750-c5a2-4979-8a5d-2dcdef754a15,,,,
11e81789-cedf-4d8e-aaf7-bef66ef6afbf,,,,
fe83f0d2-04e8-4a24-8561-0ff0bd907b11,,,,
9c2fbec1-84d1-4d88-bc27-e9ea409f5ae5,,,,
24c0f390-79bc-464d-9dd8-53424aa9e78a,,,,
97735f86-a2b7-400e-a43b-76f4bce15dd2,,,,
b7048be9-0eb4-4e0e-b8ad-37d2c887c15d,,,,
6f85f2ad-9cf3-4e4b-b07e-a9b35cc9d067,,,,
f6747867-e569-4277-94c5-6fb40c35403a,,,,
7a65f4a8-1fa6-4573-8bfa-0621fe253148,,,,
ec47351c-ec5e-4b1d-88e2-677bb79d2471,,,,
e5921f49-2029-4e01-b7d2-29317164852c,,,,
56875b4b-0a48-4e01-896e-f3e637acdc2a,,,,
d4285d4f-8ebe-4beb-bd38-994b5f1a5bca,,,,
f44e7253-2f5d-492b-90f7-c8f33317572d,,,,
43a275d7-ef10-4598-a59b-7feba6d8c250,,,,
40fd9bfd-f50c-41d4-89af-43cda2e5d3a9,,,,
75e85104-8f57-4904-a2fd-7b11191472ee,,,,
d631e083-f9c5-4f25-8979-4857b02ff046,,,,
9bf7b0e4-c1e3-4848-ac54-bf90e352b4f6,,,,
551c4773-a103-4289-839c-b86e0b2cb88e,,,,
23c965ec-6ba9-4d29-80ec-b0f96126ef7a,,,,
9b7f84ad-43c4-4c99-9acf-cddc2ee298fe,,,,
3af96925-b7e0-4751-b4a8-477ef990df13,,,,
6986bc31-f55f-484c-8042-b4aad5bb7f27,,,,
ac74d25e-65e4-471b-a50e-cd0b13a37ce6,,,,
bdf929a5-398d-40f5-8344-ee3e7ae92901,,,,
16b31b74-99ce-4da3-8bda-f10953078ee1,,,,
5d1bac07-c16e-4607-b312-8407934e0795,,,,
b4192c31-a18f-4ac4-8960-8874c16c9a57,,,,
66296b98-6ee0-46f0-a1fd-7d24e302a2f7,,,,
56a0b6dd-3fb6-4910-9bac-efe57751c66e,,,,
832028fe-e746-42a2-8aeb-5da328c0e569,,,,
0f22f7db-4c4a-4f66-87be-f042ec9a4d53,,,,
37ff3438-4a0e-4511-9cc6-d937c3ec1a98,,,,
d92ccf25-98d7-4f74-b99d-d6487936125b,,,,
990b5039-25e0-4ceb-bf3f-0c0abae149e5,,,,
ab814e36-6f6b-42cf-9a09-985024c0247f,,,,
643f3932-721e-418d-a2dd-414a4a7cde1a,,,,
366bdd7d-9923-4304-831c-35a15b400ac3,,,,
d6c7d080-81b6-4c2f-b244-d71764dd893a,,,,
a7bd31fa-e64f-4c6f-b277-09bc0b4d337e,,,,
55a9ff86-2d2f-47ec-9a9a-cd1394786b98,,,,
3cc6b6f8-73fa-4761-a32f-67f55aebb79b,,,,
66684b19-9baa-4e30-85e1-76885a6e6fca,,,,
e31d436c-50fb-41d4-b713-e83e126555aa,,,,
8da82831-cf26-4215-9616-923d5b569181,,,,
38ef65c9-2b7e-42f4-961e-b6c5d79d4cd4,,,,
eb2d3586-9f87-44ba-86d0-2d6a38c3975d,,,,
61d62de4-7860-4911-b618-129bf0272dbb,,,,
f0a36bd5-b789-4ff0-a423-c89ef656925b,,,,
eff30b9b-08c6-47dd-b9ad-3ccdf67a35bb,,,,
ec146410-86ac-4413-9139-9b39c4226c60,,,,
9212a633-b9d5-4b16-9d0a-e6457f681fa4,,,,
0592bca6-0c88-4cb2-afb8-285e3fed272d,,,,
28fef4c6-401a-40bb-b479-4b50b7af8717,,,,
44575d4f-5ca9-4672-899e-7d46cf93968c,,,,
7b34a6bd-8cd2-4136-b9a3-1d10429367cb,,,,
045fa2e3-7ee1-4eed-b442-b45fadcac3b0,,,,
7bc815d5-85a7-4425-a3e4-9c35bc1a7ac4,,,,
04b301c2-73d0-4c60-b83c-e1397f480bb4,,,,
eb7fe163-cd03-456a-93c4-5f4ad2fe2f2c,,,,
6bef3113-bcea-463b-a249-c43a4195025f,,,,
da2ad395-02c7-4912-9e94-cba481dd941c,,,,
ea75ce6c-5b55-4ff7-b78f-19cdefc07af5,,,,
a8cab763-042c-4267-a21c-4bcbb4245a45,,,,
25ceed97-601a-40a1-bfb4-ff8a7b6fe3a3,,,,
1ae01c32-276c-42c0-b954-b52c3f9febe3,,,,
2ab178d8-0e6f-402d-9956-8ad0964d6aaa,,,,
ae98246d-fa6a-45a4-b31f-d4bdadc4d5e7,,,,
38166d5e-1ff8-4055-939a-2abf6deb06af,,,,
8e70eb26-d3e1-4f46-88a6-0caa6ce44339,,,,
9b93e2a8-59c1-41c7-9445-0abd2ae0c7d0,,,,
5359913c-2b97-4ee4-97d6-53125e1f5e7d,,,,
4e6446a9-311e-42ab-b1dc-1f0fb73a93b9,,,,
9e3a19a0-1d3c-42f4-afbd-333d9c427b89,,,,
904bb74f-bcf6-427c-b1c8-5e6cddcfe34e,,,,
5320763e-1811-44ee-9c2f-941e1b634cca,,,,
d192479d-83fa-41bd-88ba-d48eb95d674f,,,,
9f484525-0ee7-4391-9f6a-a8e8a0c65745,,,,
798d7c88-8dd1-47fc-b0c7-3e2f65af4ba2,,,,
408b7df3-6f92-417d-a694-877c371c3979,,,,
d9cd9d59-4512-40a6-9188-00e8dc4505bb,,,,
7caa00ab-f40a-4b9f-932a-650be15e5716,,,,
c1150acb-8636-4b73-b88c-f2f001aab6c6,,,,
b5e70f0c-f85a-4548-95bd-1b286c8b44e6,,,,
14409dd4-6d47-4d3e-98ce-91f120d1bbcc,,,,
03f07463-da92-470d-b58c-0fe2a69e2779,,,,
ed685ae8-2c3e-40d0-8439-537108c0b008,,,,
02883a38-5dcf-4153-b63d-30a518659511,,,,
b63431f5-1962-4475-9e15-77bb4d2819c3,,,,
a9a6541a-c17c-4a03-a337-35504a1eced0,,,,
cf78785f-7585-488b-8645-9cd6b5bc2bf7,,,,
fbd05711-2811-4f61-b090-bc3a428a6d50,,,,
dd2ff849-e82f-471e-adc2-7e2ac3dbea4f,,,,
6fc27d3e-4f21-495d-a313-a118281a4029,,,,
76759b44-d1ba-4bb7-90b3-a4eae54263eb,,,,
e9a2b70d-8b7f-41d4-817a-1c6804c4818f,,,,
5903ec64-3200-4337-9b89-82294e90113b,,,,
4bdbaa79-7f40-4a5e-bdc3-cab9ba8e3648,,,,
7faed690-3773-4aa8-8302-015700ccfd2e,,,,
d7bc918e-0752-462d-927f-f16b6bfbcd0e,,,,
499f563d-28ad-4326-ba88-d68e9d9f4111,,,,
05428562-a63f-4a5d-87d5-71bc951db57a,,,,
79ea601b-1194-467a-98cd-9d08b61aac5a,,,,
2c90faa0-f104-49e2-a0a3-77c1f6784d85,,,,
24c2f6bf-da70-4f4c-9798-e38d641787aa,,,,
8facde82-61b7-4023-9d03-c6422a80b100,,,,
86ea2183-0e39-414c-b931-7e894256db19,,,,
967122b9-fcd0-47dc-8606-9796daebb5ae,,,,
aa82ffbc-acd0-46ac-a65d-1ed259c3aaa3,,,,
8c4b2f6c-20b3-42c1-89dc-b0fe9864099b,,,,
de6e0c19-0456-42ec-9dc2-6805be3dc646,,,,
acaa3e82-a649-41ac-98be-fa2c00cfd0e0,,,,
12693819-ee22-455f-b3db-cdbf4e58a130,,,,
002deb02-11c9-45d8-9cb6-257c78d95802,,,,
39cb04d2-43f1-4bda-9496-76241b1ad5e1,,,,
fde33155-5ea6-44f3-9f82-1304d3be20fb,,,,
eeca2507-6f20-41ff-b8a4-430bb63fef7b,,,,
dc0e81aa-9cf8-44a3-b437-18d2c8a17494,,,,
ec1c7e16-3d03-4e9f-91e6-5920dee443b6,,,,
5517138a-cc11-4a0e-8758-832c6b5cf18f,,,,
1e2387f2-c7fa-4ef8-ae62-37cdcc3790a0,,,,
acc739b1-377a-4987-8319-b40f1c9738db,,,,
53b9823d-6e5c-4b9c-97b6-73eb705a3f8f,,,,
a3c83b72-46a6-4dc9-bc4e-e1a32d4f035d,,,,
1f22426a-bdc2-4a2c-926c-8bd364b2a0a2,,,,
d2524530-80e7-46b9-b6de-cb9db0034859,,,,
e8e0471c-3ced-40b5-8925-9b4f6bff7d94,,,,
de8d3623-148d-4ba6-b3f4-c866a7760bb8,,,,
57853c65-b7bd-4d60-94d9-e98028c5f75f,,,,
a88d5db3-4e61-43d8-8a04-84db55130bc3,,,,
9beb6d04-8532-4010-be7d-1552fba0d24e,,,,
18aeb6bd-123f-4345-af39-07b94aedfd6f,,,,
4f46499c-932f-4f2f-ad91-db163833780d,,,,
0fc539d3-bb85-48bf-a061-17e1e4f0b99d,,,,
8f97418e-169c-4fb9-bc98-9f6549992380,,,,
45ec5224-35a2-4e2b-825a-fa5699aa1a8c,,,,
84c1cd2e-08e4-4999-9f1b-97bd347968a6,,,,
f3196e5e-bdb4-4b18-8ec0-414a553015bc,,,,
7341b39f-debc-4b00-94ee-8579eff68d52,,,,
782ed722-a7a6-438d-893e-260e2a4aac68,,,,
a8a0fa26-1daa-4aaf-b65e-c369b78ccadf,,,,
be7cd578-1a6c-4847-9991-f19f09121b70,,,,
dc244c33-18e0-4afa-ab83-45f0fabbc466,,,,
413ce115-d06a-4342-beb5-7240394007ca,,,,
ccecfe7f-e3e3-45cf-916a-04508da08edc,,,,
3c64d0ca-59cc-45e8-b57c-a5861fc1625e,,,,
c4f6831d-7419-45ef-9aa9-75e9689cc3d9,,,,
c3362367-659f-46c4-b2b9-078ae46f4086,,,,
81ddfcb9-e963-4693-8849-64af64d6f0b0,,,,
6965a392-2358-4e6a-a210-06ac35113b87,,,,
fe3e14d7-2d4c-438f-ae16-a2f1451a1d40,,,,
fa177141-675b-48d0-b693-453e999652ef,,,,
447750f5-4180-4c47-b202-39d78767a9d5,,,,
c6b803c5-26f4-4505-a0b2-b36dea75f7a3,,,,
f251756a-ffca-45bc-ad07-04e5b9f09737,,,,
aa10bf73-28f0-4ade-be0b-b76353b11076,,,,
ba95fbf9-ae0c-45ed-96ae-b7e1d2973eb7,,,,
9ff2b6c0-9b9a-41f7-a651-a03d96909a11,,,,
0339b18a-dd8b-48f5-bb62-ddba0c693a61,,,,
4bb9b28d-9e6d-4d3c-9aff-d99be3eac3ab,,,,
d8df16e8-f840-43aa-a2bd-5bd2b57bd495,,,,
468c4f7b-f0a6-4b3a-95bb-f2cf0b6bafbe,,,,
78b2c251-fec7-469e-a41e-0349ed393eff,,,,
a2d70706-55ba-474c-b33c-0bf7a8ddbc67,,,,
1d402cda-d649-4e37-86b2-4e4142be3086,,,,
4c80f182-1189-4684-acd7-eb5af5826ffb,,,,
c1f895b0-930d-4547-97d0-63c0b613db62,,,,
61845178-8141-4b10-8c6c-1a0b6c18d930,,,,
edb99c0e-c593-437c-92fb-50fc1d61b58f,,,,
367312d1-94a7-4b32-ab3a-ccbba74b324b,,,,
ea8a6b6e-35d4-49c6-b450-9bfa51875647,,,,
1db4ed5d-ba7d-48d0-b87b-f4b5a4685c02,,,,
91c25299-d059-4066-8cdd-def1f239b0d1,,,,
9a415ed5-0383-4a18-b628-30443c4429cf,,,,
871de00d-ff4b-4be9-a27a-6fae8187c37d,,,,
1afb49bb-a497-43c7-b7ab-29271caabab0,,,,
5fb65cad-c980-4e6b-b12d-9793daea9daa,,,,
af46a951-9299-4f10-b81b-a3436fef6cba,,,,
f7ec0872-7fd4-4067-92da-2e3bd1fa344e,,,,
8c12376a-7c0b-4750-b0d2-828b9f153cbe,,,,
423bf318-827a-4b4d-b42b-050b7121786c,,,,
0e56c77a-6a15-40a4-85a7-30d9f9469de1,,,,
67328e8e-7c3a-48f1-9e98-bdebfed38c30,,,,
d0754698-f2f6-4133-9e2b-289e2696fb7e,,,,
0375b538-b52a-42ea-9f56-528638605608,,,,
8264335c-5348-4553-9e32-746d2976a193,,,,
3b0f9445-0ad3-45e0-a281-22a537ecbd7a,,,,
a3241e0c-0ff6-4f37-8cd1-de8a7a4e0ec8,,,,
5a585eda-30d2-4261-8889-8e8d3ea05f5d,,,,
5076d41d-b9ca-4e70-a88f-d4bb0c8079c0,,,,
09f6615d-145a-484c-8a43-61f505f3e2ff,,,,
315adbbe-28e8-4769-979d-d50c5775dde1,,,,
ab6bc9f3-8687-4362-9a02-5d20f7630faf,,,,
65f81a42-559d-4d9a-8b5b-968bc883f11c,,,,
adc5f082-1eb7-411d-b143-27d7796b1271,,,,
3a667742-922a-4be1-b98e-254e8a2b64ea,,,,
b543fd16-2a37-4d12-b192-9c397a44d1de,,,,
2c09fd62-904a-42f0-b387-b33e7ba9081f,,,,
7ed550eb-0027-4925-939f-6a9fcfc3e7ab,,,,
ef622c85-868c-4b3f-ab3b-524c0e77c085,,,,
ef4d20d8-35e8-4738-ba57-14b521b7afee,,,,
09f135bf-1f71-4ff3-a9bd-681134bbb073,,,,
ac6948e3-8f01-4d64-9b49-0c000a0b2bc5,,,,
9f75aa5e-77de-416d-b91a-b82aaded10a0,,,,
8f7826d4-627b-4563-b4dd-6ddf6bdb17e6,,,,
448c83f4-9a6f-447c-9e90-9a3b6a4eeb76,,,,
4e5bc343-8378-4a43-8225-87f07d549a9b,,,,
ffde87f4-8c02-47d2-ac65-5a1fcd5ab4c0,,,,
9b463d46-fb8e-4f95-ba35-5b0f65832ef3,,,,
5d271b91-7c79-489a-b203-8daf347653e4,,,,
410ff93b-a245-4bac-b8db-7b9b23f0fb50,,,,
41a2ee30-8d41-4082-bd8b-f130b1910448,,,,
8eeab584-5469-4486-b547-18a05db1e375,,,,
6d1007b3-078e-4a42-b9d9-87e574f69bd3,,,,
9645184e-63d8-4f08-8f6c-9aeda0401d5a,,,,
c9542c5e-651d-4c99-91ce-de252cc8b005,,,,
265d42ec-e944-47c2-98dc-1ff46d7f75ae,,,,
c8031748-ed57-403e-a5fe-6378805b9299,,,,
1cd239b1-4fe9-4e84-b63e-04476aee1011,,,,
37726938-e21b-4dfe-9dcd-c91b765cb367,,,,
6eff56d9-faf9-456e-a49e-566628856efb,,,,
c8c80d0c-8f81-46a0-9c45-fbad388c7aa9,,,,
7387b7ad-cc14-4e73-9b71-95f76632caa1,,,,
c2dc351a-4c76-4659-8fa1-3e6a143b7dbb,,,,
654edc4a-d7ac-462a-a6fc-d0c518d56392,,,,
caf6a1c4-796d-408d-a5d5-64bcc9f9fa96,,,,
199f4b91-954d-46ee-aa99-eeba481fafbe,,,,
b261904d-c7f0-4983-9eae-3df43273dcca,,,,
167de7a1-a786-4185-88b9-4f94f582b9aa,,,,
f7850a3c-eb7d-43fb-b25f-4498ac36fc1c,,,,
16e8e3df-cc77-43cb-a65e-b81be2e2b070,,,,
2fb99717-3c9b-4f2e-9ed1-bad1220695a2,,,,
7252c150-1d8b-492b-81ab-24d3e5602590,,,,
ad1b68f4-b890-41cd-af90-b7d0e168aed7,,,,
ab8602e1-a4bb-4691-95ea-ac7f4850ed80,,,,
05883f5f-4bf8-4239-9beb-10e6c152e499,,,,
6dad00fe-43b1-4e2a-881d-0c1e4d16c4db,,,,
d710086a-0a22-45e9-987a-c89a7c51aafe,,,,
504508c7-3d99-4c65-8b1e-254ea342db54,,,,
67ecdbe9-b93e-40d7-82de-247e1b4a0e0f,,,,
efb9ccbf-479a-470d-a075-3d92fe09d995,,,,
85324ac5-bf9c-49f2-b0e1-3d048b8410f2,,,,
b8b737c4-455a-4900-b80d-c31a6e9bb92c,,,,
295fdd17-f029-41cc-8063-89784379dfc3,,,,
3c075553-a424-4499-be51-da48409019ac,,,,
2a233b08-db49-45fd-825c-18655c849612,,,,
6e688882-ad8c-432b-9f58-b3683c90e9af,,,,
2140ac8c-3a07-4861-bde5-c62d0382905c,,,,
949d30d1-3a5c-4eca-a2bf-247036527cb0,,,,
3a5806a1-5d88-45bb-8347-08a93384f680,,,,
fdfb7930-9efe-4944-a2ba-e1114a4fa43e,,,,
63e11e0e-e52c-40d5-a598-7adc219a9a92,,,,
a3b58bed-491b-454a-b771-3c3f88d887b3,,,,
dd0b9388-391c-4b70-93a2-6e8baa1d0421,,,,
2b3ffb16-8531-401b-9c83-5fd8833c4b5a,,,,
e8e8ffbe-21d7-4241-b1cc-bd07c3e352c3,,,,
c0b46f06-ebe7-49a0-96c9-a367cadcf456,,,,
7970232f-c264-4e72-a189-6c05c4802303,,,,
85f4f45b-5741-458e-9b3c-a5b729314f05,,,,
8442b1f6-5b13-4a6a-94f7-968d32ae41f1,,,,
23c7bade-0791-4db8-bdc4-86c7fd692bb4,,,,
2c07c81f-3de2-4116-a30e-5b6e60a3cc97,,,,
b733cb86-c8a2-4555-be33-cae3fb5bb2d1,,,,
cc460cd8-f469-4c89-8dd4-69484f283aa2,,,,
1a7a79c2-99d8-4a44-96f6-d5db8d9f2d56,,,,
56bf7048-7273-4e2d-a16d-ec356d60fb5a,,,,
9c23a24e-7a89-4069-aa65-a25e9ef27ecb,,,,
fe2b38f1-9042-4116-b800-56af917c3c0e,,,,
345aaf82-5802-4dc6-9b27-33af15b005c0,,,,
acc3c28d-0dc8-4c10-aaee-c2ee69ca556e,,,,
afe7ee53-0cf8-42c3-aed7-cdb9cbbb05c7,,,,
f4e7ba8a-c9a2-4e8e-a3ca-c612bfab4425,,,,
3d4ed902-b0ca-4e90-9b1a-ef94e557446b,,,,
2a70c26e-f0cf-406e-af12-e13ca9951806,,,,
c94118ee-61b7-4d51-bff1-bd02ea5543df,,,,
1c3bc579-f361-4d02-9ccd-9a5c1a6c4ce3,,,,
77965860-64bb-48b0-9769-3c0b82e0cfe2,,,,
463185f9-58df-439f-bed4-e09adfeda4c0,,,,
88867c93-6acd-492b-9800-338e45228b3b,,,,
bb6263ef-7e6e-4dd2-a024-7895375154ca,,,,
769a715c-b530-4db7-a3e6-8bbb8eb32e92,,,,
dec87944-b3f4-4b75-808c-20c8ebc1be48,,,,
ee3aea5c-104d-47cd-a038-765b629e7e5b,,,,
410fd40c-4bde-466a-9358-b95ec45620fc,,,,
f6134f28-d61f-4693-bbfb-ca9ef876a5b0,,,,
6246f584-4307-4534-b309-164726a6c5c9,,,,
d4cae168-6f52-49ca-9858-79339f64c885,,,,
934983a8-eecd-49d8-aaf0-8a204a0814ac,,,,
270a8791-c515-4ae7-846a-d529a72bedfe,,,,
dc2bec3b-4280-4786-8741-7bce9844b01b,,,,
afcc2960-09e6-4a26-8575-e0609cb2e598,,,,
04205be2-669a-4817-8244-2cdcd58b2c83,,,,
174a9ff7-d57c-471d-b577-b652a25f661c,,,,
36daa253-7a73-4060-bc84-6a0f7331e31b,,,,
7464d535-c1b2-4c13-9adc-3904daf25d91,,,,
1908de75-30ea-4dc0-9dce-12fe1c38ddaf,,,,
7494ad0a-b7a7-43c9-899a-ec4258f4bc6f,,,,
f0db2c63-9f23-4ae0-bc00-ee547cbffe97,,,,
02bc10d6-aacb-4fe9-a011-7d0f2e53541a,,,,
0dd442b3-2b18-4ca0-8fcf-a55428e2e8c6,,,,
a4d73a7c-11a3-4c3a-808a-f0ce059cd979,,,,
80c96366-a410-4eff-9f05-fb9739126859,,,,
0e10b6f3-f2cf-4332-820b-fa4ae5772e82,,,,
b1bc467d-db01-4964-a78b-e3b40372ea19,,,,
8dd66293-5e9f-4d35-b642-d29e4c5cb796,,,,
1f30bd3e-f90e-49ca-bae0-212f9479ecfe,,,,
385c8102-2aea-4c23-aec4-a962f6ed36a2,,,,
7dea094b-6fd9-40cc-90a0-76de3b9f5f6e,,,,
ac93a62b-d154-4368-89db-ae384cb1c672,,,,
1114822d-da94-40e1-983e-ca8b29c56066,,,,
fbacb7c3-39a1-45df-8abb-7d256b9134d3,,,,
3b8f96f0-8103-41cd-83ee-2bd76925b7f8,,,,
fee6ef8d-57a9-44ed-9f18-5c54a450f0dd,,,,
db37d3d0-f87a-4c01-bd10-30722722598b,,,,
b90ba831-1950-4a61-b95b-f6c0ca905218,,,,
83871935-1b10-45d5-9c49-6cfdbf6e8039,,,,
f855dd59-e050-4c0e-b2a8-5f8633ad4748,,,,
3b68a942-bcbc-451a-9c49-601b924234cd,,,,
a66899f7-3d05-4bf9-bb11-6dded8eea108,,,,
43c0fdb2-8a79-4c5a-9441-011d6624141f,,,,
89d5f533-fb02-4470-90d1-bb7888dadc6b,,,,
9216ca49-7ce7-4fe4-b588-faca0e63a6cc,,,,
dfb119f6-f6b6-40e1-8a60-86ba1ce183f8,,,,
b68d7a9a-9463-40b3-8039-43b7825b7cba,,,,
7c8ef259-a5cc-4e86-9353-b05b7980948f,,,,
165d9bea-51b2-49fd-af66-a31c25e843ff,,,,
6838cde6-6948-4912-8be8-97b433bc84d5,,,,
d6efefbf-3638-48fd-9b7e-5bdfa933aa31,,,,
4af9e84e-48d9-472c-8041-a98e4fc0c6df,,,,
488627df-3cdd-49a7-9f5b-d6d51f0bdd8e,,,,
cbfb4f41-d542-409e-9447-3869618e55d6,,,,
795e9fe7-64d6-46bd-8121-e0181741b30d,,,,
6361785d-52fb-4e10-b018-8d604a093b48,,,,
4c31c394-5b76-45b2-8bc1-519090fdb73e,,,,
8ca30922-ae47-49ab-a55f-aebeb1cf2249,,,,
851319c9-8119-4f75-a814-7e8a58061d35,,,,
85be1474-e882-4556-897c-86a53a2710fe,,,,
aac41c47-2bc6-4527-a735-1556c6a1a37e,,,,
e0ff099b-3e2d-4443-9c17-eaa50d03fc11,,,,
f1f4094f-d155-4a88-98f0-63e6dec8db9d,,,,
d8b90bb4-7284-43b2-8ca5-a2b8c866c88c,,,,
96bf26c7-84b7-4d3b-863a-087802c9b303,,,,
10290802-efd4-40b5-a4fe-741fdc7da84a,,,,
9ee0b5de-1f4e-49d2-a337-e3a08c06f709,,,,
7e13b02c-4917-4326-8a85-d130d1873ad0,,,,
9463e803-3402-459e-ac6d-eebf9c1de48c,,,,
df244cef-964b-409c-82ae-3afdd6510e6d,,,,
e7f56368-c2f3-4175-ad19-8c86a21be6f9,,,,
7abbc202-d391-44d3-aa93-4cea0cb97d29,,,,
cc12d114-e65f-4938-8717-0612b09e053b,,,,
93b427e8-2bca-489f-8296-1566d210e48a,,,,
76f23a94-936b-47d6-b20e-509ec000264b,,,,
e79560c1-2888-45be-80ce-0285aebe3eca,,,,
e1e832b0-0188-41c0-b599-d20d5322fea6,,,,
a6cb459f-2250-4f59-a1b7-9dbe84ec7579,,,,
d1cb3c47-9774-4e9e-8dff-f5a3f7e3aa45,,,,
c90bbd76-4994-4cbb-aa68-7ca4a44c1f16,,,,
23228bda-b562-4c6d-83af-c788c1316c63,,,,
c7568958-c5ac-4c60-b19b-5c533958f8ee,,,,
2cfbe732-4919-485e-83c6-014077317d96,,,,
d27d6414-f7db-44d4-9a32-233bd2557060,,,,
c230dee0-15aa-4f03-9ff6-81f4e4bea3f5,,,,
98f1fa76-89f8-4f1f-9f17-88cafdd4e20b,,,,
45ba2381-ccbe-48ad-bebc-8141e95ecd18,,,,
50339945-3c8e-4bca-8a11-4f1b4492f680,,,,
4ec7fd68-bf73-4360-974b-c32aecf945ef,,,,
9122d24c-9a3d-4cc3-b427-5d6b38742ed1,,,,
58ee2b77-1de2-4ddd-be11-416d1d950018,,,,
e9c79753-cfc7-4f90-89c4-d4fb7e146f35,,,,
24af6c3c-3ccf-4da7-9a14-2e9072750a0d,,,,
4403ac2e-c161-49c6-9315-7e0d6681179c,,,,
ec546226-83c6-4b6f-b6b7-87ed1586ec14,,,,
12ea3594-576f-457c-b830-be3ca5118bac,,,,
72a6e1f7-bd9e-4ef9-81ea-d57b82a97f49,,,,
5786737e-436e-446b-b414-64530bea36a3,,,,
96027c2c-dd24-4deb-823e-bdd26a9408e3,,,,
de93003d-f02c-4f6d-8e1f-727ed3d9447f,,,,
0608c290-ac15-405f-bcd6-de4948ca1942,,,,
e6e6d936-6a42-4012-8b6c-a08142abbf8a,,,,
d3d7a8d8-2d3a-4cb6-872f-c50c8c04103a,,,,
f0bb85f8-2293-4ef7-85e2-2e681d361ed7,,,,
f8eb2164-3fa0-457d-9d43-c90f53310e61,,,,
6d0da3dc-2389-4dd1-a44f-70221d23ba55,,,,
9cc16a18-ceb8-482f-b747-2a735f9f2cd7,,,,
24946b0e-e883-4bab-a6b0-19bbb0ca030b,,,,
a6ea78c1-72ac-4f9a-98d7-5898afac2e86,,,,
b6aaddff-dd4b-450d-b657-5fb1d8630f62,,,,
cdde7aa8-13df-4b1c-afec-17983348241e,,,,
0878a635-97dd-424c-aadb-c4be9fd4691c,,,,
46dbb09a-58f8-4d69-a2b0-a085fe8b3044,,,,
470b8621-c064-4569-91c9-b70384a6826f,,,,
e85fefef-b911-474e-b31a-89fbaf8599e2,,,,
2782666f-556a-4116-9e77-c1e7662f9a34,,,,
519ef8ff-f940-4267-8721-0d509f583d31,,,,
d6754517-dd31-4a6a-baa2-272150c5ce1f,,,,
7a5a3358-2e2c-49cd-9921-9abbf4519b05,,,,
c3ced1bf-73b4-4e38-8901-8b8b4a58af14,,,,
05f72b37-b923-4228-8ed5-a3314feb5d15,,,,
6fb45d94-d627-4412-98f9-ed376fa8ff87,,,,
712cf644-dfcf-4602-9512-474a5940bfdd,,,,
bed3d3b4-583e-4917-aa41-c1d2736cbb3a,,,,
ea732eb5-f6dc-4829-9aee-075940747ba6,,,,
e69e558e-2e12-43be-b322-2925635cd070,,,,
3d346d2b-c6db-4b18-a6ea-19bfee5306f3,,,,
b2c6dd85-ad35-45cd-876f-c1c94775525b,,,,
1069baff-4eb7-4534-bde5-91cd149c5ea1,,,,
62c3fb74-9284-4a61-acd7-551a1e359a36,,,,
6e99a2e0-5bc2-4c78-9354-799fa2710893,,,,
4583c2ae-12c6-4fa0-abdc-daba67ba9eac,,,,
8e375be7-c32d-45cd-8d46-b410b06531ee,,,,
60a1b2cd-1e32-4874-a0ea-5bfa2e1efa2b,,,,
a8310e18-67dc-44b4-8ebe-7ae9a8d570be,,,,
1d07f088-ecc7-45df-ab27-6cdc71c58763,,,,
9c879229-efd7-46be-b273-df1ceffdbc9d,,,,
2b5f2415-7459-4bbe-b92d-d31255c744ba,,,,
753270d0-634b-4bfe-82f1-767a81dd4ab9,,,,
d3325ab5-a60e-4767-8364-43a30b19edb4,,,,
fda1798a-b90d-486b-aad0-0f0dd3b21330,,,,
d6f9f59c-03e6-4700-b26d-05989f3129b1,,,,
80eb66ba-d198-4614-8502-c64265cf1b69,,,,
2e834332-f24c-4043-8eb9-698f8d209c4e,,,,
d05de8ff-b914-4819-8a23-0d87fddb92ab,,,,
6d66bf1b-6169-45c2-a64c-1c30800c1ac4,,,,
2cd5281b-1414-4e02-b88e-12c3c2d82ce3,,,,
6d77ec52-66ec-409f-8987-7a6592f1fefe,,,,
f7998203-baf2-4ae5-879a-b55a78e0ecd8,,,,
64928a34-97c4-42cf-a106-ecef9f947474,,,,
7dc9acf7-a44d-4226-afc7-930c615d6372,,,,
c10853d0-5adf-498a-8cce-bb717238c045,,,,
588eb631-04f1-4c40-a9d2-d6858572fbc3,,,,
b63f5822-8d85-420f-982f-adcf29853424,,,,
04a8ee9b-3fc3-48b1-bf71-da2eb4edba4e,,,,
35cc7cd4-deda-40fa-81f2-99dac6a8d8b7,,,,
b24f22e3-823a-47a5-8434-a48d9a0417ed,,,,
99e06fb4-9b90-4dfe-b2d3-324677f84cc3,,,,
aff274b4-d4a3-4d74-acde-a1cea1758d58,,,,
97a7ba9f-d9ec-4efc-a900-46652419108e,,,,
8c5044bc-d1e2-489d-8231-a0c9b9c1314e,,,,
936e17fc-48d5-49c7-b3ee-25299208697a,,,,
021fd767-7919-426e-a5cc-1282211421f7,,,,
f6a334b7-0ee6-4463-9475-bcb5c676cdbd,,,,
0aeb44cb-4a38-4f55-a7c1-a4d0b48ba065,,,,
961c3211-3459-4992-87d9-0c4806b02e3f,,,,
88927525-5d9d-4dcb-bb0a-e3d7268f938d,,,,
b31228e9-5452-4c46-b75c-1b96df7de1f5,,,,
91c7f1c2-07fc-40aa-99a4-3a4511cb1ab6,,,,
59fabc73-0c11-427d-9af1-c6a6c25992b2,,,,
70e321ba-fcf8-453c-93a0-205a35480a03,,,,
2a2076a5-f2da-449a-981a-5e9c83ac4110,,,,
1952b698-b0bd-400f-80c8-a91dc3f19905,,,,
2bbed4e1-3e70-4f75-adaf-f86f6c3f0e5e,,,,
d12b6d23-3bc3-469f-8169-81c14fd174bd,,,,
c5fed6db-1cf5-4070-95cb-de688aa04ac2,,,,
3758b89a-6d31-46ac-a8de-72c4baf1122b,,,,
f23df58f-15e1-4ac2-ab8b-d218acae7b34,,,,
2e0644e7-6ad3-425f-a1e0-40a7812ac2a6,,,,
e5ec1e4f-77e0-4832-9ab9-fcc308ba785b,,,,
bea5f07e-0ed4-484f-a8df-f067957ed57a,,,,
1be6590c-a393-48b3-9321-a8077cff8f2f,,,,
8f481382-0de1-4ac5-9409-26804dfc70bd,,,,
fd4ce2b9-7dc3-4bc3-8e3d-1cd5e98cf087,,,,
f20e5e8c-10bb-4843-9c1a-049c7228f2bc,,,,
069c897d-aefc-4fd9-a0e5-383e24c0c1a4,,,,
69a0715f-a725-41de-b461-4c3c2fef1d82,,,,
193bf9ee-26e6-4b6b-808a-08a7af6e9f6b,,,,
b2246aae-4bdd-4960-a1b2-11f54d2eaddd,,,,
bf00629a-5eba-4e73-8979-b945b38f7227,,,,
cb606485-32f2-476f-bd14-f723472f2914,,,,
bff2765c-302b-4bb4-a406-2eb515c44be9,,,,
71f5329d-0820-47ef-9218-b3218a3a7b86,,,,
26edeb65-b4c8-4f53-bf9d-79bbd7e7e61a,,,,
883d3d9b-9947-41fa-8f8b-82cd32ac457d,,,,
8491acf1-4914-4bfe-9d68-4eb328a1d3b8,,,,
e8b78e4d-4118-4133-91dc-84697edc6db6,,,,
b2ddebd3-2293-43f2-81f7-11d470c67c4a,,,,
25973324-eed7-472b-b47d-90a8c5cf4d6a,,,,
c5d69d87-119c-4059-aaa9-f223a2d56382,,,,
d12bd9e2-1770-4692-a837-f85c7773c16e,,,,
52ad0c4f-8d7f-4e22-b724-c4f85c66aab9,,,,
9a62fb18-97d5-49fd-808c-12f6e4abd54a,,,,
44a0dea2-7b73-4efa-94ee-a42c906f46f0,,,,
e71682bb-47e5-4e2f-956e-58d78848648b,,,,
335a70a9-bfc4-4cbf-aef2-9aa257ca5664,,,,
db16620f-4374-4e54-9a3a-bee6d2211050,,,,
03d4c5e8-45e4-40d8-b08b-af9a8bdf7eb1,,,,
57ee5916-1700-4b4d-b280-75bf5ff3978a,,,,
12994e16-9abd-4d51-aadb-3c08fba2684f,,,,
ad0609ba-82ad-4dce-9016-e7febaf4d6ec,,,,
4f7ef587-9577-4d06-a877-43b6f2618916,,,,
73677df0-32c5-4002-9d60-b9f30c88eab4,,,,
53b3b632-c981-469f-b580-b8f55bce2ebd,,,,
5249b8eb-c07e-4c9b-8b49-16da0c58ad71,,,,
c5c38729-1ad5-4e78-bcec-65b0892898cb,,,,
fde7f4f3-478b-4508-a0a1-a88a185be6da,,,,
f8fa3a81-3420-499e-9c37-abf478b8269d,,,,
de9f46be-b29c-4521-a0d5-cb7d9e8de238,,,,
7edabea4-517f-4537-bf7e-868c3d59fe5e,,,,
19bb7f37-c319-4b1a-a52e-f5c88981ceec,,,,
e0e0edc1-af37-4bc9-84ca-8b0491dc1a83,,,,
82cbc0aa-60ae-4865-a61c-69f237a0b3a2,,,,
382399b1-19db-4afc-8e1d-b1938b798853,,,,
69357ee3-a012-4af6-8f50-9ad391fce51c,,,,
ef0ba680-0d41-4be8-8725-e65bbedd15ce,,,,
985e0a06-ccbb-4aa9-aaa1-9d0a1eb48f73,,,,
216e76f7-74e7-423d-a4e0-fff516f6b4c0,,,,
683c7a75-fa3f-4330-99e8-231f1b85827a,,,,
5a2b0221-ab1d-4bce-8954-9eb578501565,,,,
38825364-2269-4ffb-8c4b-12b20687a0c0,,,,
941e4e5d-1e37-46d1-8c3c-bc43a409df16,,,,
3ee5f2d0-fab0-4186-a3f5-10dcaf43e003,,,,
a10902db-3c3a-42a6-9d52-97aaf4e1b8a6,,,,
59876902-20ef-4d72-9317-21cb8a773e02,,,,
bd97ba07-2b4f-48cf-9c1a-6d07e2bb1dff,,,,
53d22398-442d-42dd-99de-3e675ff7223d,,,,
99898531-0ba6-4917-b950-10134a74c1a6,,,,
9924b98d-51f2-474a-b7e1-0749b5d36bb0,,,,
74d23264-4f05-42a7-b7dd-3991408a385b,,,,
dafed2ca-5754-4818-934a-5ea437f987c1,,,,
292d34c1-b6d1-443c-bd41-c886ddeeab63,,,,
5e8cced6-f7b3-4870-a553-a6a9fc4cb8b8,,,,
39d190fb-e982-4285-b8cc-970f2dc20263,,,,
9d05dc2a-2dc9-425a-8e5b-00c1db126515,,,,
23b188ac-5b41-48db-b78d-c1344e7717c8,,,,
fe785b14-21a9-4f8f-8baa-9d0d5fe74cc7,,,,
65de4db8-7f71-462b-b774-1223ded07076,,,,
391b65b9-b03e-46ef-9b43-e10238e4f35f,,,,
77f553f8-4c64-4c5e-ae7b-d85a4819735b,,,,
a844764d-41fb-4a96-9bf8-ac5719967b4f,,,,
085d3f59-b774-4b79-bfe1-74f2f69857e1,,,,
f28da463-01b2-4161-9d3c-1ad5e98d6834,,,,
9bd70179-ca31-4502-9d3b-3fc33d9d6edc,,,,
4b321277-9457-430b-a564-2fbc0e6fc844,,,,
b645890d-3c8b-459c-8489-bdd03ffa22b4,,,,
22200db9-32ea-4f05-bb82-5b803aca0f86,,,,
f893e40b-830a-49f5-b271-e88aac11ef95,,,,
ab7d3dfa-660f-4ad7-911c-be128d5cf9af,,,,
af6196b7-9a72-42f9-89f5-3b6a03975b30,,,,
9773bc3f-1166-4566-8717-b51a3c0a25dc,,,,
85c7dd58-0a51-47d8-a1e3-4dafaa5ed91f,,,,
6e334550-d8cc-4c5c-b42a-293e654e5977,,,,
4d9b4c78-fca8-4082-9ebd-52642c370787,,,,
dfa5a933-be5a-43fe-92f7-91c017f25333,,,,
79c3d903-1dee-49aa-a6bc-bba3f3098aaa,,,,
e4ac6caf-e761-4440-a8a9-498f1252607a,,,,
35c8c8c3-c74c-42c2-ad1c-fc78cfcfdec7,,,,
396c5e27-1d08-43ec-b625-151197549d5f,,,,
f140b8e1-872d-4022-b937-20d4573989bb,,,,
6a083a90-0784-4811-88f5-d49a5973f5d3,,,,
fef3d257-3858-41e1-bd73-6ff203b675c0,,,,
1d53a021-38fb-49bb-ae8c-7cd5feeeec2a,,,,
46b60911-35b9-419d-81f4-17112ad65306,,,,
de99a190-792d-4f22-8aad-b19b7e24f7a0,,,,
f320b761-feb7-4239-9660-1366b970797d,,,,
f9e534cb-f72b-460d-a0d2-368c761dac42,,,,
7634352a-67a5-45a9-9adf-b465a7c9b29b,,,,
903c74b6-0691-408b-86f6-dc404799fe23,,,,
eac3417a-176e-4c76-82a4-9816d8d11a30,,,,
ed38d8b3-875a-4e5b-bf38-a17e6e97b03a,,,,
f187501c-50ca-4627-897d-7e7c421d81ec,,,,
7535f28b-d8ab-42f6-a66f-3112b980afd5,,,,
b464d1cc-b58d-495e-9aab-aada44f25dd2,,,,
b88839e8-8140-451f-b8ee-608dc77c20df,,,,
ba9dc84d-0317-43ff-9fe1-9eda69d493ed,,,,
93bfd287-7aee-4dd3-96e6-1262b83962d6,,,,
8fef8090-d2f0-4598-a685-91e370bbfb1f,,,,
2f61fde6-bba7-45dd-853a-fd21c10d86a8,,,,
ec691f27-2bc7-47e7-a2e4-1d9a0b31734a,,,,
9703764d-2b5d-4e44-b2bc-8956fedec038,,,,
216f4914-bdd0-4c2b-9163-e8eaeef8430c,,,,
acfcb7a0-6f9b-4aa5-9cff-89c4b66120b4,,,,
bec28f7f-577f-43a2-8693-2dceb5c73c1b,,,,
4e2b2164-027e-4b07-80bf-5977d5b3ea68,,,,
fb29c3b8-c029-4118-9e83-dd3985331701,,,,
bba23c0f-c447-43fa-8eac-29e8ef26498a,,,,
cded1008-3c63-41e6-9dd2-f36085fc804b,,,,
d6c3238c-27a0-4aa5-9fe5-6f3c2bbd137a,,,,
ed3b1a0f-8cbb-498a-b8a5-20318871d6c2,,,,
ba395e2b-02d9-49b5-aa58-d77776ed14c8,,,,
8a340c6c-e01c-471d-a748-9be7ebdbde3b,,,,
ad33487d-68b3-4c4d-8538-3f75ced8fd1f,,,,
36825111-c85b-47b9-a714-c26900082d31,,,,
e333aafc-c433-415e-8af8-1832b4406416,,,,
51110543-95c6-477b-a4b5-809104706636,,,,
5f5280fb-09ee-41cc-8c34-819386b86a1b,,,,
6b0ddcac-8953-4204-a61f-0f8161b534a5,,,,
1773534b-9b65-4d50-8c70-af6cb25eebc7,,,,
2989de58-b747-4977-9422-514b6fe02c53,,,,
53e5bd77-65de-4b77-aef4-68ed91589295,,,,
5fab6a7b-f2f7-440b-92f1-ebfbe9662aa1,,,,
89219060-bacf-4db2-b001-053c92293edb,,,,
1d5029d5-4505-4b07-b8c7-e5032ecfd9cd,,,,
eb840547-b666-444c-abe3-097133b16675,,,,
a6050baf-be82-40a3-a2b0-d7f0dca7d51c,,,,
5ac051be-aa10-4c5d-b74c-2776d7c9227d,,,,
474d72d7-06be-45d9-a772-da37aae840f0,,,,
eb0cdba8-0d56-4638-b08d-9da3c2875a8a,,,,
3377c987-828f-4b40-b0bf-a05d72c1fbcc,,,,
3ef4cb94-4be4-48c5-9d33-ca3b9b43628a,,,,
9149b3d0-dbf7-4497-abcc-66c8641fa5f6,,,,
6fb7a91b-eba1-4dff-801b-3290b38e056b,,,,
b4dfe696-5145-45f2-a7a6-f2d606465f6f,,,,
e5520a57-1866-423f-b957-301c65b21f88,,,,
f0f989b7-fd30-4e5d-bec3-a51aee4a8d6e,,,,
0f609d57-088f-4407-b180-88d448f33ebf,,,,
0e33cd7d-5cd7-4aff-b933-9d4c0e7d2371,,,,
959eb12b-dcb5-4041-a678-f840a3dd20ae,,,,
281a9a3d-3519-4d22-99e2-2c211a81eda2,,,,
ca4daae9-6302-4e73-a03e-c69bc130b79f,,,,
917d46aa-2c5d-4313-a992-50643898e96d,,,,
ab4aa14b-3ad0-40d1-aed2-87b8668948eb,,,,
77fe4fbd-c143-498d-9eec-ed9b7a84dd70,,,,
aee10334-cc1c-4c0d-b33f-6e47025ebdd6,,,,
908195cd-eb55-4717-863a-86617b7fe876,,,,
e9040b45-7bd9-48cb-b9fb-bbe89e3596bf,,,,
9d2b3d40-19af-4831-aeb0-7bf449414561,,,,
fdc27d91-c796-4dc4-b0a0-054e5d35368f,,,,
dd6fe16e-7254-4b1f-9804-0d94682156ee,,,,
cf8f7fde-d0e1-492e-8cd1-a5a99c1f934e,,,,
2a94ee2e-56b5-4ba0-a9ff-5fa293297ef7,,,,
dabe2acc-6d17-4dab-898b-1ce5096b8646,,,,
43edb652-8f03-46f1-9aa1-765cc7084bc9,,,,
c7273951-fafe-445d-842a-1d74ff81c5cd,,,,
bf50f0b0-1980-45db-b582-49148edb6ac0,,,,
d55dc5f9-9f6f-498a-bd31-2d0cdba50880,,,,
1e1987a0-46fc-4361-bba9-5265b0a52e3b,,,,
00a566ee-c18a-4219-a108-e6896f467c07,,,,
d8437eba-c657-4281-99f8-aab1f7ff3af2,,,,
98504be7-9d99-4642-8dad-c384aa635187,,,,
af565b73-4ffc-4005-bdf0-34b3ff27432c,,,,
d749a778-aa96-4fd1-8c58-a34c29f6368c,,,,
f941c136-4c79-4b15-aa77-545e0f6aa5e5,,,,
38e9be21-fc6a-4132-9fba-113401570531,,,,
6f0828e9-f9dc-4e72-a0d9-8fb25b7643f1,,,,
a6b748b0-635e-4cdc-b4bb-95db6a9ce1ce,,,,
a696b8ce-bfe1-4243-897b-696b1a8ae684,,,,
fa8bb24e-f22e-4d58-93c3-59e9057a408b,,,,
ea5af685-00fe-4f30-9393-10b2e042aabb,,,,
acc5394a-e24f-4372-9b0a-72f4285bdbd7,,,,
28cbd59c-650e-45d6-a2f6-aa3d9ec0d42c,,,,
f0d29ff9-1e87-411b-aef7-f114ef6e0192,,,,
3e66cbb7-9027-4cee-8789-076a001d1df7,,,,
7646c544-f29b-4199-bd2f-2f1cb80d6365,,,,
cd92dff0-e0c5-4342-b7b1-69c8f996005c,,,,
bcba041d-8d7a-42e7-b3a2-c9051e1140ac,,,,
9f472a39-1be2-41f8-91bc-e3ded43c295f,,,,
ba01bc45-1260-4af6-ab4e-27610872ef0f,,,,
abf33996-2b29-414a-8de8-4716ac69c591,,,,
a1fcba5d-b7e4-4922-832b-934850c684e6,,,,
f5d5023e-b45b-4bf4-8309-90756db40ac3,,,,
acbef330-2691-47ff-a1e3-dc1a4d60b2c2,,,,
68c46f2b-84b9-43a2-9dcd-b9358d330f08,,,,
b9684f78-200b-411d-98a8-50351165f027,,,,
0d6ac654-8fb0-4d87-9033-fdb9b6c754c2,,,,
e9f058fc-259d-4261-aada-0cc8359c4b68,,,,
2ed59095-2662-451d-ab2a-8b451d0be343,,,,
ee97ab10-5143-4683-bfe1-3354b8fe581e,,,,
74021008-e269-4cc8-8319-0fbc0c6cba73,,,,
bc0c867a-b70a-45b4-b3e4-87bdee54c862,,,,
78e7e9c6-1197-4880-b89a-ac46016b2b30,,,,
8fbe89c5-bf59-488c-92ac-8a8c53e5b92e,,,,
16d89444-bab0-4cb8-971d-3e01f876b747,,,,
34261439-8293-49b6-bae9-9851cccf004f,,,,
20fe518a-fb15-4b8e-ad81-3c4966d4e0a1,,,,
fd832039-5b1b-499b-9331-49d8d804d28f,,,,
88c70b8e-9d0d-4a84-8d4e-75481e7e2d85,,,,
a7cc519b-bce9-4b76-80c5-2863fca1de8d,,,,
84167a4b-b3d5-44c3-bd69-a082a2b50059,,,,
eec5a466-3123-44cc-9570-300a2c54fe0a,,,,
6f736ec2-6b97-4b68-a7f5-79b0139ead04,,,,
02858d88-0756-42df-814e-09b620024504,,,,
9bfd30d0-6714-4f8c-a1e8-b2a1986e0eb2,,,,
c9a0a9e6-867d-4238-ba5e-4f438a985bdc,,,,
55fd2f0f-504d-4da1-8f7f-e10f7f3e3cd9,,,,
3150e985-f855-4593-897d-c07c9bb06586,,,,
a9ce18c4-d01a-45d1-abf1-4ff09ede06d2,,,,
56a41693-f269-460d-9d0b-4a36470fdada,,,,
b965b7ac-434e-4d8b-a143-90b2d2e30541,,,,
20c5b760-043d-40ed-a398-ef50a61f4f46,,,,
44584c80-8484-4eaf-9e66-4d6cb44d8a31,,,,
dec2bc4b-214e-498e-af13-c7a189b5caa2,,,,
50e52c0d-cc83-40a7-9608-ed8c098ef5a1,,,,
f9049c2e-0a1c-4d53-8aa3-8a598b30b2c9,,,,
c0ff7556-1ca3-457e-96ff-7c0fe3f5dddc,,,,
70b52081-4677-43d8-8999-8c86e9955e98,,,,
dec96dc6-1a02-4164-8d80-426dddf1f08d,,,,
304427f8-cc75-4db5-8dd5-0b6c7364393a,,,,
21ba444f-d720-4b0c-b996-41b15aa0e542,,,,
41efbd52-06f6-4141-8ee0-ca7129695db2,,,,
a5fa1cb9-ca73-4f3e-957f-d0463195bdfb,,,,
e62f3c43-3923-47c6-9e4b-e39bbd37323c,,,,
dec3df82-6b4e-476e-ae23-4c8d02b2f488,,,,
64a347e6-78e4-40a6-81cd-0dcc4d6be4f4,,,,
a08c2906-5873-4148-901e-528bb57369dd,,,,
181ce81c-ba15-4b9e-bd88-316d77004336,,,,
a9f34cd5-ab55-4f04-b8a9-90e50332c42c,,,,
e6a0a7b6-8cd3-4fa4-9b53-286f8695268c,,,,
f65e58f6-8b2e-488e-9f3e-529b9f1d2302,,,,
88550b88-6739-4498-8e89-7d18f5658488,,,,
aec7c051-033a-48df-ac22-3f5fd94e36e1,,,,
a4081381-a10a-4281-b209-0af25f0760db,,,,
24431458-e2ce-47be-a74c-30c70aee6f74,,,,
a44f4798-d0bf-4a84-9abd-909cf5b2ded0,,,,
2426afd7-baa6-4226-8add-36c978b4f1ad,,,,
8e42798e-5d9e-4190-b714-43c0a305a7a6,,,,
858172f7-da1d-43a6-92da-7a5fa4c87efe,,,,
c9667f29-d624-4012-b650-9237a7aa888c,,,,
4114cc05-5feb-4597-ab6d-7ccd243e9779,,,,
3eb412f4-b449-4aa1-b16d-f533a1d94e59,,,,
d02a26d8-e212-4826-9c85-9f2174231a63,,,,
9aae3db4-7ed9-470f-b929-b5369436f6b9,,,,
e248cee0-c17c-412c-8789-a49139f4decc,,,,
325d9344-bf8a-4482-999c-519293235662,,,,
115ee6dd-3f08-4a4c-953b-ec2434da7ec4,,,,
d3ca8efb-d53c-411e-a38c-e5cedd3ac98d,,,,
95b2c62f-5c22-4b2f-92f8-0c43b39be1ae,,,,
aa7ba3f8-bcd7-47b3-997e-8b1068965269,,,,
272edbfb-11fe-4733-894f-b5979392eef3,,,,
b6736770-f7c3-48d9-b3b7-3295f5b80d11,,,,
c95f8715-59af-4a86-a279-060196585aa6,,,,
9deeba87-d0af-462f-9d83-8e495eb47958,,,,
4ed3885b-6ab5-4ce4-8d78-a2aaeb4a075e,,,,
91321f0d-e523-47a9-a61c-ebc4c29070f6,,,,
6443d4de-a7d2-4cf3-a589-128ef42c9a30,,,,
f9bd94ae-db10-4d45-be95-23c766fbaeee,,,,
52980cb6-3ce6-4b10-aff6-7f3101d7172b,,,,
aacfcfe9-38e1-4f1f-903e-b8a046b34c83,,,,
f6174798-d5fc-43f4-9590-12e6ac7145ff,,,,
b4036ebc-4d0e-4f5b-8999-2f682a03db0c,,,,
d7b92486-f167-4369-b276-046f2a0c9e8d,,,,
f6b6743e-f605-4c3f-a7c9-148f66357689,,,,
84a8f550-4f47-480e-ab8e-f828e0165c16,,,,
b7e87bd3-556b-4f54-b98e-e53b579be353,,,,
cb291294-35db-42b1-97f9-099a7b0e78c9,,,,
f6dc8734-16cd-4f3e-83d0-a08d26c9511c,,,,
39a7bc84-e47a-4beb-9bef-87bf647fe479,,,,
022bbc0f-d092-44d4-866e-5ecd87fa995b,,,,
34d6fe14-ead0-4bbb-8194-bc051ba316b8,,,,
3a317135-6621-4c1d-b415-acd287ed9cf9,,,,
b21bcdb1-905f-42c5-85ba-15f9b059410a,,,,
50b25868-9b53-4f5b-8439-80611b39a90f,,,,
575d1d65-cd14-49a4-a0d1-bcfa8c076b75,,,,
2416bf4d-e358-4e4b-a6e9-a6d5ee2b765f,,,,
8b5f32e7-2f15-4918-a7ff-b39264b96dd4,,,,
91d1222b-d2da-416e-a7ad-fc62c785428d,,,,
aba397be-5070-4c59-977f-d7c128a69ee1,,,,
7fe8e1c1-3bac-4f2c-9d78-91d51d6b1f79,,,,
5f1390bd-d826-425f-889f-ca42d0517f07,,,,
d55d5572-f17a-4fc9-b695-f720ad621819,,,,
f731d04c-849e-4939-a1e0-71cf55d6fa12,,,,
439e1233-f844-40f0-bd63-8309a214b266,,,,
23a482cb-10b2-4d0d-a1cb-c42d82fe9f7f,,,,
7cc0b789-6a4b-48f5-8461-08d88ae859d8,,,,
e07a98f6-3ec3-48a8-9a55-ffc832329203,,,,
90199ce1-115d-4b83-adf3-57fc74ab9c41,,,,
4f1ffddf-030e-4a9c-98a6-be28ab3db5dc,,,,
4fff4d73-24eb-418c-b5b7-74986997445e,,,,
e8c02dba-eeab-472b-befd-dd559348a334,,,,
421f4ee1-8925-4a40-806a-0dcb04d4447a,,,,
7abcf7ea-268a-48c8-b3f5-c46900f8dd06,,,,
f83387c9-bf45-4334-bcf5-b07ad4ce6243,,,,
9728e756-3c24-4266-9a7f-98d8e6030ecf,,,,
0abde33a-1b54-406a-8727-c9ebc74f9bb9,,,,
421587e2-e386-4bb8-bfdb-650a41ed9520,,,,
a1f1b6bc-6915-4139-b89c-76159622592e,,,,
3a6ac0b5-4c88-4806-85de-e843f1ffd087,,,,
48c2a4f6-2fbb-4e4b-b6db-02bebac5d309,,,,
de630e6d-c495-4c7c-b0da-b6d3bf092c07,,,,
cb044f2e-757f-45cf-9bf3-9fa44c4d592d,,,,
703a3fc2-03fb-4612-ba34-a9de5223ed80,,,,
d26a961f-1053-4919-a648-9cfca6f0e768,,,,
fd90636a-695b-4ce2-9e62-c628a09e8b2b,,,,
6ad5a95e-0bb0-4045-bf7b-965ec0d78f25,,,,
ed2183f2-4c4b-427a-9975-889b518a6022,,,,
93d27f35-2b03-4ddf-a52f-134e47b40de9,,,,
aed4b9b8-4af6-436f-a38d-07df5bf6514f,,,,